{
    "30": {
        "bins": [
            35.63020067302456,
            71.26040134604912,
            106.89060201907368,
            142.52080269209824,
            178.1510033651228,
            213.78120403814737,
            249.41140471117194,
            285.0416053841965,
            320.67180605722103,
            356.30200673024564
        ],
        "z-score": [
            [
                624.781541378219,
                663.218458621781
            ],
            [
                1547.7861530642992,
                1574.8660208487443
            ],
            [
                996.2657286269856,
                1019.4842713730144
            ],
            [
                1447.4779783910121,
                1465.322021608988
            ],
            [
                1445.2838382023888,
                1463.4661617976112
            ],
            [
                1176.0549497126617,
                1191.0754850699468
            ],
            [
                1342.084218598575,
                1360.5602258458696
            ],
            [
                1748.3041473790156,
                1767.8795260903719
            ],
            [
                2272.758970718797,
                2298.869600709774
            ],
            [
                1475.6981679575663,
                1499.2228846740124
            ]
        ],
        "k-fold": [
            [
                375.90000000000003,
                845.375
            ],
            [
                1297.8157894736842,
                1807.8124999999998
            ],
            [
                696.8625,
                1211.803125
            ],
            [
                1210.4734375,
                1659.6765625
            ],
            [
                1224.9635714285714,
                1659.5945436507934
            ],
            [
                1024.3787912912915,
                1327.0648648648648
            ],
            [
                1118.9652777777776,
                1544.3194444444443
            ],
            [
                1536.5,
                1961.5974358974358
            ],
            [
                1917.2294642857144,
                2605.25
            ],
            [
                1160.0157258064517,
                1751.2293010752687
            ]
        ],
        "mc": [
            [
                544.375186729504,
                724.5241594268867
            ],
            [
                1442.994349494217,
                1687.022959308967
            ],
            [
                949.8640706739186,
                1096.5988818632043
            ],
            [
                1366.893203043966,
                1547.4459039000044
            ],
            [
                1348.6568265374567,
                1518.44546119813
            ],
            [
                1160.33246961917,
                1288.817260118175
            ],
            [
                1288.4411826130706,
                1439.1848851765978
            ],
            [
                1660.3508381538481,
                1818.3180991387476
            ],
            [
                2254.7211836691663,
                2499.9105503779815
            ],
            [
                1299.002792630462,
                1449.3275659533222
            ]
        ]
    },
    "50": {
        "bins": [
            34.982521349954176,
            69.96504269990835,
            104.94756404986254,
            139.9300853998167,
            174.91260674977087,
            209.89512809972507,
            244.87764944967924,
            279.8601707996334,
            314.8426921495876,
            349.82521349954175
        ],
        "z-score": [
            [
                764.4451931818744,
                789.2214734847921
            ],
            [
                521.2118839380274,
                531.9260470964554
            ],
            [
                1023.1318830880293,
                1033.9128930313734
            ],
            [
                1241.8605698458903,
                1253.5680015826813
            ],
            [
                1434.2197679988126,
                1446.3368357747722
            ],
            [
                1225.8068528850852,
                1236.4074328292006
            ],
            [
                1271.88185289038,
                1283.11814710962
            ],
            [
                1772.2924436015471,
                1784.8992230651195
            ],
            [
                2178.018136450952,
                2191.3125087103376
            ],
            [
                2197.022961157599,
                2211.5296704213483
            ]
        ],
        "k-fold": [
            [
                512.0410714285714,
                956.8303571428571
            ],
            [
                428.73975485661424,
                604.4684782608695
            ],
            [
                916.8888888888888,
                1127.3364779874214
            ],
            [
                1121.807191780822,
                1358.7037195585995
            ],
            [
                1283.1329096638653,
                1577.7773529411763
            ],
            [
                1103.8272222222222,
                1351.9130555555555
            ],
            [
                1140.3015432098766,
                1394.9551041666666
            ],
            [
                1599.32265625,
                1933.675
            ],
            [
                2000.1828282828285,
                2354.9896464646467
            ],
            [
                2000.505440754897,
                2404.4742803392255
            ]
        ],
        "mc": [
            [
                714.4326927914177,
                887.1225065591619
            ],
            [
                483.46305274630197,
                575.2957481213515
            ],
            [
                969.6701078784802,
                1087.9799001417543
            ],
            [
                1182.2351932149356,
                1308.1660064386779
            ],
            [
                1350.6957551807673,
                1480.6232418970064
            ],
            [
                1213.7390831840353,
                1332.1639873433899
            ],
            [
                1214.769014898501,
                1343.5722825464243
            ],
            [
                1637.8671481605381,
                1772.093799523558
            ],
            [
                2197.2993893689227,
                2353.0527053649653
            ],
            [
                2146.147140368011,
                2330.896330641831
            ]
        ]
    },
    "100": {
        "bins": [
            24.778603673330746,
            49.55720734666149,
            74.33581101999224,
            99.11441469332298,
            123.89301836665373,
            148.67162203998447,
            173.45022571331523,
            198.22882938664597,
            223.0074330599767,
            247.78603673330747,
            272.5646404066382,
            297.34324407996894,
            322.1218477532997,
            346.90045142663047,
            371.6790550999612
        ],